id,topic,reference,url,evidence_type,scope_note
quran-7-33,speaking-without-knowledge,Qur'an 7:33,https://quran.com/7/33,direct-text,"Do not speak about Allah without knowledge; use translation of meaning"
quran-16-116,unsupported-lawful-unlawful,Qur'an 16:116,https://quran.com/16/116,direct-text,"Do not fabricate lawful and unlawful claims"
quran-2-275,riba,Qur'an 2:275,https://quran.com/2/275,direct-text,"Trade permitted and riba forbidden; contract application still needs review"
quran-31-6,idle-speech,Qur'an 31:6,https://quran.com/31/6,direct-text,"Verse says distracting speech; connection to music is interpretation"
quran-83-1-3,commercial-measure,Qur'an 83:1-3,https://quran.com/83/1-3,direct-text,"Condemns giving less than due"
bukhari-52,doubtful-matters,Sahih al-Bukhari 52,https://sunnah.com/bukhari:52,direct-text,"Clear lawful/unlawful and doubtful matters"
bukhari-5590,instruments,Sahih al-Bukhari 5590,https://sunnah.com/bukhari:5590,direct-text,"Core hadith anchor for strict no-instruments default"
bukhari-5950,image-makers,Sahih al-Bukhari 5950,https://sunnah.com/bukhari:5950,direct-text,"Warning concerning image-makers; modern-media application may be disputed"
muslim-2108a,image-makers,Sahih Muslim 2108a,https://sunnah.com/muslim:2108a,direct-text,"Warning concerning image-makers"
muslim-102,deception,Sahih Muslim 102,https://sunnah.com/muslim:102,direct-text,"Condemns concealing a material defect and deception"
tirmidhi-1232,sale-and-possession,Jami` at-Tirmidhi 1232,https://sunnah.com/tirmidhi:1232,direct-text,"Do not sell what is not with you; modern structures need contract review"
binbaz-images,visual-application,Official Ibn Baz ruling on images,https://binbaz.org.sa/fatwas/7072,application,"Strict scholarly application; attribute to the scholar rather than claiming consensus"
binbaz-music,audio-application,Official Ibn Baz ruling on music,https://binbaz.org.sa/fatwas/17415,application,"Strict scholarly application citing Qur'an 31:6 and hadith evidence"
